EMPLOYEEID;PERFORMANCE;IMPACTOFLOSS;FUTURELEADER
E000094;Successful;Unassigned;#
E000245;Insufficient;very high impact;#
E000249;Satisfactory;very high impact;FALSE
E000392;Satisfactory;Unassigned;#
E000707;Insufficient;very high impact;FALSE
E000849;Insufficient;Unassigned;TRUE
E000899;Satisfactory;Unassigned;FALSE
E000928;Progressing;very high impact;TRUE
E001085;Successful;Unassigned;#
E001516;Insufficient;medium impact;TRUE
E001724;Successful;Unassigned;FALSE
E001747;Insufficient;medium impact;#
E001945;Insufficient;Unassigned;FALSE
E002033;Insufficient;Unassigned;TRUE
E002050;Extraordinary;very high impact;#
E002358;Insufficient;very high impact;TRUE
E003039;Insufficient;Unassigned;#
E003114;Insufficient;very high impact;#
E003139;Satisfactory;Unassigned;#
E004551;Satisfactory;Unassigned;FALSE
E005043;Satisfactory;very high impact;#
E005292;Outstanding;Unassigned;#
E005935;Insufficient;Unassigned;FALSE
E006070;Successful;Unassigned;#
E006494;Successful;Unassigned;#
E007063;Outstanding;very high impact;#
E007561;Extraordinary;medium impact;TRUE
E008043;Successful;Unassigned;FALSE
E008099;Satisfactory;very high impact;TRUE
E009099;Insufficient;Unassigned;TRUE
E009731;Insufficient;very high impact;TRUE
E009732;Satisfactory;Unassigned;#
E009897;Extraordinary;Unassigned;FALSE
E010072;Insufficient;Unassigned;FALSE
E010127;Outstanding;Unassigned;#
E010260;Satisfactory;very high impact;TRUE
E010631;Successful;Unassigned;TRUE
E010869;Insufficient;Unassigned;FALSE
E011085;Satisfactory;Unassigned;#
E011786;Outstanding;medium impact;#
E011803;Satisfactory;Unassigned;#
E012040;Progressing;Unassigned;#
E012863;Extraordinary;very high impact;FALSE
E012908;Outstanding;very high impact;TRUE
E012910;Insufficient;very high impact;#
E012911;Successful;very high impact;TRUE
E013049;Successful;medium impact;TRUE
E013080;Outstanding;Unassigned;FALSE
E013296;Outstanding;very high impact;#
E014311;Satisfactory;medium impact;TRUE
E014813;Insufficient;Unassigned;#
E014919;Successful;Unassigned;#
E015365;Insufficient;Unassigned;#
E015570;Satisfactory;very high impact;TRUE
E016145;Insufficient;very high impact;#
E016647;Satisfactory;very high impact;TRUE
E016813;Satisfactory;Unassigned;#
E016945;Satisfactory;very high impact;TRUE
E017149;Successful;Unassigned;TRUE
E017164;Successful;very high impact;FALSE
E017429;Satisfactory;very high impact;TRUE
E017597;Progressing;very high impact;TRUE
E017643;Satisfactory;Unassigned;FALSE
E017904;Outstanding;very high impact;TRUE
E018432;Insufficient;Unassigned;#
E018789;Satisfactory;very high impact;TRUE
E019006;Successful;very high impact;#
E019045;Satisfactory;medium impact;#
E019248;Satisfactory;very high impact;TRUE
E019441;Outstanding;Unassigned;#
E019473;Successful;Unassigned;#
E299668;Successful;Unassigned;#
E020599;Successful;Unassigned;#
E023550;Satisfactory;medium impact;#
E025067;Satisfactory;Unassigned;#
E029891;Satisfactory;Unassigned;#
E031110;Satisfactory;Unassigned;TRUE
E032136;Insufficient;Unassigned;#
E032226;Insufficient;very high impact;#
E032265;Progressing;very high impact;TRUE
E032510;Outstanding;Unassigned;#
E033083;Extraordinary;very high impact;TRUE
E033329;Insufficient;Unassigned;#
E033391;Satisfactory;Unassigned;#
E033514;Outstanding;very high impact;#
E033711;Successful;very high impact;FALSE
E034304;Successful;Unassigned;#
E034691;Progressing;Unassigned;FALSE
E034854;Successful;very high impact;TRUE
E035402;Insufficient;Unassigned;#
E003682;Satisfactory;medium impact;TRUE
E035925;Satisfactory;medium impact;#
E036686;Successful;Unassigned;TRUE
E036805;Satisfactory;very high impact;#
E037122;Insufficient;Unassigned;TRUE
E037286;Progressing;Unassigned;#
E037827;Satisfactory;Unassigned;#
E037981;Satisfactory;very high impact;#
E003720;Progressing;Unassigned;#
E038261;Successful;Unassigned;FALSE
E038588;Extraordinary;very high impact;#
E003956;Satisfactory;Unassigned;#
E039236;Outstanding;Unassigned;FALSE
E039468;Progressing;Unassigned;#
E039897;Insufficient;Unassigned;#
E040731;Extraordinary;medium impact;#
E041119;Insufficient;Unassigned;#
E041336;Satisfactory;very high impact;#
E041378;Progressing;medium impact;TRUE
E042076;Successful;very high impact;TRUE
E042116;Insufficient;Unassigned;TRUE
E042395;Insufficient;very high impact;TRUE
E042444;Successful;Unassigned;#
E042449;Successful;Unassigned;FALSE
E042648;Successful;Unassigned;FALSE
E042934;Satisfactory;Unassigned;#
E043111;Outstanding;Unassigned;TRUE
E043212;Insufficient;Unassigned;TRUE
E043216;Outstanding;Unassigned;FALSE
E043497;Successful;Unassigned;#
E043857;Extraordinary;medium impact;TRUE
E044209;Progressing;medium impact;#
E044465;Insufficient;Unassigned;#
E044724;Insufficient;Unassigned;FALSE
E044771;Outstanding;Unassigned;TRUE
E045291;Extraordinary;very high impact;#
E045576;Insufficient;Unassigned;TRUE
E008072;Insufficient;medium impact;TRUE
E047301;Insufficient;Unassigned;#
E047628;Outstanding;Unassigned;#
E048203;Insufficient;Unassigned;#
E049035;Progressing;very high impact;#
E049278;Successful;very high impact;#
E049529;Outstanding;Unassigned;TRUE
E049665;Successful;very high impact;#
E009586;Successful;Unassigned;#
E049840;Satisfactory;Unassigned;TRUE
E049894;Progressing;Unassigned;TRUE
E049972;Insufficient;Unassigned;FALSE
E050084;Satisfactory;Unassigned;TRUE
E050121;Insufficient;Unassigned;TRUE
E050232;Satisfactory;Unassigned;FALSE
E050876;Satisfactory;Unassigned;#
E051425;Satisfactory;Unassigned;#
E051673;Satisfactory;Unassigned;#
E052176;Outstanding;Unassigned;TRUE
E052710;Successful;Unassigned;#
E052792;Successful;Unassigned;#
E053339;Insufficient;Unassigned;#
E053570;Progressing;Unassigned;TRUE
E054330;Extraordinary;Unassigned;TRUE
E054381;Successful;Unassigned;#
E054607;Extraordinary;medium impact;#
E055236;Satisfactory;Unassigned;TRUE
E055438;Satisfactory;Unassigned;TRUE
E055687;Satisfactory;Unassigned;#
E056710;Progressing;Unassigned;#
E056816;Satisfactory;Unassigned;TRUE
E056995;Outstanding;medium impact;TRUE
E057557;Satisfactory;Unassigned;#
E057879;Successful;Unassigned;TRUE
E057888;Successful;Unassigned;#
E058220;Successful;Unassigned;TRUE
E058269;Outstanding;Unassigned;#
E058435;Insufficient;Unassigned;#
E059034;Extraordinary;very high impact;#
E059116;Satisfactory;Unassigned;FALSE
E011442;Satisfactory;Unassigned;#
E060532;Outstanding;Unassigned;FALSE
E060808;Satisfactory;Unassigned;TRUE
E061178;Outstanding;Unassigned;FALSE
E061217;Outstanding;Unassigned;TRUE
E061830;Successful;Unassigned;#
E062112;Progressing;medium impact;TRUE
E062171;Successful;Unassigned;FALSE
E062287;Satisfactory;medium impact;#
E062392;Successful;Unassigned;FALSE
E062414;Outstanding;Unassigned;TRUE
E062439;Successful;very high impact;#
E062470;Satisfactory;Unassigned;TRUE
E063021;Insufficient;Unassigned;#
E063203;Insufficient;Unassigned;#
E063284;Progressing;Unassigned;#
E063710;Satisfactory;Unassigned;#
E064758;Insufficient;Unassigned;FALSE
E064790;Satisfactory;Unassigned;#
E065013;Insufficient;Unassigned;#
E065354;Satisfactory;medium impact;#
E066221;Satisfactory;very high impact;#
E066493;Insufficient;Unassigned;FALSE
E066909;Satisfactory;Unassigned;TRUE
E067408;Successful;Unassigned;TRUE
E067571;Satisfactory;Unassigned;TRUE
E067594;Successful;Unassigned;#
E068195;Insufficient;Unassigned;FALSE
E068446;Satisfactory;Unassigned;#
E069180;Insufficient;Unassigned;TRUE
E069610;Successful;Unassigned;TRUE
E069773;Insufficient;Unassigned;FALSE
E069905;Outstanding;Unassigned;#
E069908;Satisfactory;medium impact;TRUE
E070521;Insufficient;Unassigned;#
E070570;Progressing;Unassigned;#
E070596;Satisfactory;Unassigned;FALSE
E071255;Satisfactory;Unassigned;TRUE
E071888;Satisfactory;very high impact;#
E072221;Successful;Unassigned;TRUE
E072275;Satisfactory;medium impact;TRUE
E072374;Satisfactory;Unassigned;FALSE
E014067;Satisfactory;very high impact;#
E073936;Outstanding;medium impact;TRUE
E074087;Successful;Unassigned;#
E074121;Successful;Unassigned;#
E074234;Satisfactory;Unassigned;#
E074375;Successful;Unassigned;TRUE
E074415;Satisfactory;very high impact;#
E074517;Successful;very high impact;#
E074901;Satisfactory;Unassigned;TRUE
E074948;Satisfactory;very high impact;#
E075436;Extraordinary;Unassigned;#
E076345;Successful;Unassigned;TRUE
E077136;Extraordinary;Unassigned;TRUE
E077381;Satisfactory;Unassigned;FALSE
E016296;Insufficient;Unassigned;TRUE
E078389;Insufficient;Unassigned;TRUE
E078426;Successful;Unassigned;FALSE
E078612;Successful;Unassigned;TRUE
E078681;Outstanding;Unassigned;#
E078928;Successful;Unassigned;#
E079068;Successful;Unassigned;#
E079106;Outstanding;medium impact;#
E080578;Successful;Unassigned;TRUE
E081389;Successful;Unassigned;#
E081543;Outstanding;Unassigned;#
E084061;Successful;very high impact;FALSE
E084077;Successful;Unassigned;#
E084143;Satisfactory;Unassigned;#
E084183;Insufficient;medium impact;TRUE
E084490;Successful;Unassigned;TRUE
E084661;Satisfactory;Unassigned;TRUE
E085125;Satisfactory;Unassigned;#
E085186;Progressing;Unassigned;TRUE
E085404;Outstanding;Unassigned;TRUE
E085673;Successful;Unassigned;#
E085741;Satisfactory;Unassigned;#
E086340;Satisfactory;Unassigned;TRUE
E086586;Outstanding;medium impact;TRUE
E086664;Successful;Unassigned;#
E087280;Outstanding;Unassigned;#
E089626;Successful;Unassigned;TRUE
E017695;Insufficient;Unassigned;#
E091667;Satisfactory;very high impact;#
E094339;Extraordinary;Unassigned;TRUE
E094828;Satisfactory;Unassigned;FALSE
E096013;Outstanding;Unassigned;TRUE
E098863;Insufficient;Unassigned;FALSE
E103866;Insufficient;medium impact;#
E104148;Satisfactory;Unassigned;FALSE
E020105;Successful;Unassigned;TRUE
E020119;Outstanding;very high impact;#
E022785;Successful;Unassigned;#
E113211;Insufficient;Unassigned;#
E114585;Successful;Unassigned;#
E114735;Successful;Unassigned;#
E027174;Successful;medium impact;#
E027507;Extraordinary;very high impact;#
E119581;Satisfactory;medium impact;TRUE
E121194;Extraordinary;Unassigned;FALSE
E032687;Insufficient;Unassigned;TRUE
E123482;Insufficient;Unassigned;#
E034090;Extraordinary;Unassigned;FALSE
E034346;Insufficient;Unassigned;FALSE
E034894;Successful;Unassigned;#
E035336;Successful;medium impact;#
E035565;Successful;Unassigned;#
E131959;Successful;Unassigned;TRUE
E138406;Outstanding;very high impact;#
E138712;Successful;Unassigned;#
E150556;Successful;Unassigned;TRUE
E152049;Successful;Unassigned;#
E038222;Successful;medium impact;#
E038675;Insufficient;Unassigned;#
E157200;Successful;very high impact;FALSE
E159632;Successful;Unassigned;TRUE
E163395;Progressing;Unassigned;#
E039862;Satisfactory;Unassigned;#
E041210;Progressing;medium impact;TRUE
E168799;Insufficient;Unassigned;#
E172739;Progressing;Unassigned;#
E299669;Satisfactory;Unassigned;#
E041510;Outstanding;Unassigned;FALSE
E187962;Successful;Unassigned;FALSE
E190410;Satisfactory;Unassigned;TRUE
E192639;Satisfactory;Unassigned;#
E044105;Outstanding;Unassigned;#
E044139;Extraordinary;Unassigned;FALSE
E044175;Insufficient;Unassigned;#
E206956;Extraordinary;Unassigned;TRUE
E209320;Successful;Unassigned;#
E196475;Satisfactory;Unassigned;FALSE
E045175;Insufficient;Unassigned;#
E045588;Extraordinary;Unassigned;FALSE
E215481;Satisfactory;Unassigned;#
E045869;Outstanding;medium impact;TRUE
E216877;Extraordinary;medium impact;#
E217443;Outstanding;Unassigned;#
E047192;Insufficient;Unassigned;FALSE
E048614;Satisfactory;very high impact;#
E230427;Satisfactory;very high impact;#
E049786;Insufficient;Unassigned;TRUE
E238255;Successful;Unassigned;TRUE
E239003;Insufficient;Unassigned;#
E239128;Satisfactory;very high impact;FALSE
E239479;Satisfactory;Unassigned;#
E240055;Extraordinary;Unassigned;#
E240195;Extraordinary;medium impact;#
E240340;Extraordinary;Unassigned;TRUE
E240832;Progressing;Unassigned;TRUE
E241489;Extraordinary;Unassigned;TRUE
E241676;Satisfactory;Unassigned;TRUE
E241744;Successful;Unassigned;#
E242108;Satisfactory;Unassigned;#
E242774;Outstanding;medium impact;TRUE
E243160;Successful;Unassigned;#
E244138;Progressing;Unassigned;#
E244224;Successful;Unassigned;TRUE
E230144;Successful;Unassigned;#
E230762;Satisfactory;Unassigned;TRUE
E244532;Satisfactory;Unassigned;#
E245656;Outstanding;very high impact;#
E245956;Extraordinary;Unassigned;#
E246422;Insufficient;Unassigned;FALSE
E246442;Insufficient;Unassigned;TRUE
E246698;Satisfactory;Unassigned;TRUE
E247011;Extraordinary;medium impact;TRUE
E247476;Successful;Unassigned;FALSE
E247977;Progressing;Unassigned;FALSE
E244429;Satisfactory;Unassigned;TRUE
E248574;Outstanding;very high impact;#
E244478;Outstanding;Unassigned;TRUE
E248811;Successful;Unassigned;#
E248894;Outstanding;Unassigned;#
E249285;Satisfactory;Unassigned;FALSE
E249456;Outstanding;Unassigned;#
E249554;Successful;Unassigned;#
E249630;Satisfactory;Unassigned;#
E250035;Satisfactory;Unassigned;FALSE
E250289;Successful;Unassigned;#
E250764;Insufficient;medium impact;#
E248763;Extraordinary;Unassigned;#
E248961;Successful;very high impact;#
E251108;Outstanding;medium impact;TRUE
E251178;Outstanding;Unassigned;FALSE
E252283;Satisfactory;Unassigned;TRUE
E252718;Insufficient;Unassigned;TRUE
E252825;Successful;Unassigned;FALSE
E253918;Successful;Unassigned;#
E254237;Successful;Unassigned;TRUE
E254387;Successful;Unassigned;FALSE
E254473;Satisfactory;Unassigned;#
E255984;Insufficient;medium impact;#
E256138;Outstanding;Unassigned;#
E250915;Successful;Unassigned;#
E256443;Outstanding;Unassigned;FALSE
E256505;Successful;Unassigned;TRUE
E257047;Successful;Unassigned;TRUE
E257215;Satisfactory;medium impact;TRUE
E051849;Successful;very high impact;#
E258590;Successful;medium impact;TRUE
E258670;Successful;Unassigned;#
E258697;Insufficient;Unassigned;#
E258739;Satisfactory;Unassigned;#
E258937;Successful;Unassigned;TRUE
E259511;Progressing;very high impact;#
E260466;Outstanding;Unassigned;TRUE
E260474;Outstanding;very high impact;#
E260750;Successful;Unassigned;TRUE
E261042;Extraordinary;Unassigned;TRUE
E261405;Outstanding;Unassigned;FALSE
E261551;Insufficient;Unassigned;TRUE
E261619;Successful;Unassigned;TRUE
E261658;Successful;Unassigned;FALSE
E262940;Outstanding;Unassigned;TRUE
E263151;Satisfactory;Unassigned;#
E263253;Successful;Unassigned;#
E263395;Insufficient;medium impact;#
E263686;Satisfactory;Unassigned;TRUE
E264178;Successful;Unassigned;#
E256376;Successful;very high impact;FALSE
E264544;Satisfactory;Unassigned;#
E264862;Extraordinary;medium impact;#
E264942;Successful;Unassigned;TRUE
E265621;Progressing;Unassigned;TRUE
E265658;Satisfactory;Unassigned;#
E265767;Successful;medium impact;#
E265901;Satisfactory;Unassigned;TRUE
E266311;Satisfactory;Unassigned;TRUE
E266545;Satisfactory;Unassigned;#
E266882;Satisfactory;medium impact;TRUE
E267365;Successful;Unassigned;#
E267514;Successful;Unassigned;TRUE
E264415;Insufficient;Unassigned;#
E268196;Progressing;Unassigned;TRUE
E269349;Outstanding;very high impact;#
E269436;Successful;Unassigned;FALSE
E054815;Successful;Unassigned;TRUE
E270356;Satisfactory;Unassigned;FALSE
E270671;Insufficient;Unassigned;#
E271718;Extraordinary;medium impact;TRUE
E266648;Satisfactory;Unassigned;FALSE
E272194;Satisfactory;medium impact;#
E272422;Insufficient;Unassigned;FALSE
E272781;Insufficient;Unassigned;TRUE
E272808;Progressing;very high impact;#
E273434;Satisfactory;Unassigned;TRUE
E274097;Extraordinary;Unassigned;#
E274203;Successful;Unassigned;#
E274811;Satisfactory;Unassigned;#
E276272;Successful;Unassigned;#
E276456;Successful;Unassigned;FALSE
E270979;Satisfactory;Unassigned;#
E276524;Successful;Unassigned;#
E276634;Satisfactory;medium impact;#
E271880;Successful;Unassigned;#
E276873;Progressing;very high impact;#
E276948;Outstanding;medium impact;TRUE
E277282;Satisfactory;Unassigned;TRUE
E277443;Successful;Unassigned;TRUE
E277603;Successful;Unassigned;TRUE
E277747;Successful;Unassigned;#
E277846;Satisfactory;Unassigned;FALSE
E278576;Extraordinary;Unassigned;#
E279983;Satisfactory;Unassigned;TRUE
E280104;Successful;Unassigned;TRUE
E280139;Outstanding;Unassigned;FALSE
E280274;Progressing;Unassigned;#
E280278;Extraordinary;medium impact;TRUE
E281696;Insufficient;Unassigned;#
E282189;Successful;Unassigned;FALSE
E282234;Outstanding;Unassigned;TRUE
E282371;Successful;very high impact;#
E282612;Satisfactory;medium impact;TRUE
E282726;Satisfactory;Unassigned;FALSE
E282948;Outstanding;very high impact;#
E283320;Extraordinary;medium impact;TRUE
E283665;Successful;Unassigned;#
E283744;Successful;Unassigned;#
E283996;Outstanding;Unassigned;TRUE
E284241;Progressing;very high impact;#
E284601;Satisfactory;very high impact;#
E284913;Insufficient;Unassigned;TRUE
E285378;Satisfactory;Unassigned;TRUE
E286755;Progressing;Unassigned;FALSE
E286888;Satisfactory;Unassigned;TRUE
E286939;Successful;Unassigned;TRUE
E273393;Successful;Unassigned;FALSE
E287170;Progressing;Unassigned;TRUE
E287352;Satisfactory;Unassigned;#
E287397;Successful;Unassigned;TRUE
E287629;Progressing;Unassigned;#
E287858;Satisfactory;Unassigned;#
E287920;Successful;medium impact;#
E288317;Satisfactory;Unassigned;#
E288381;Successful;Unassigned;#
E288676;Progressing;very high impact;FALSE
E289093;Satisfactory;Unassigned;#
E289175;Successful;medium impact;#
E289224;Extraordinary;Unassigned;TRUE
E289523;Insufficient;medium impact;#
E289723;Satisfactory;Unassigned;TRUE
E289925;Satisfactory;Unassigned;TRUE
E291083;Successful;Unassigned;#
E291172;Satisfactory;Unassigned;#
E291985;Insufficient;medium impact;TRUE
E292815;Successful;Unassigned;#
E292859;Satisfactory;Unassigned;TRUE
E292880;Satisfactory;Unassigned;TRUE
E293025;Satisfactory;Unassigned;#
E293226;Successful;Unassigned;#
E293858;Outstanding;Unassigned;#
E055746;Satisfactory;Unassigned;FALSE
E294377;Outstanding;Unassigned;TRUE
E295047;Outstanding;Unassigned;FALSE
E296041;Successful;Unassigned;#
E296306;Extraordinary;Unassigned;FALSE
E296403;Extraordinary;medium impact;#
E276486;Progressing;Unassigned;FALSE
E296701;Satisfactory;Unassigned;TRUE
E276871;Satisfactory;very high impact;#
E296921;Satisfactory;Unassigned;TRUE
E297059;Satisfactory;Unassigned;#
E297373;Successful;Unassigned;#
E297406;Insufficient;Unassigned;#
E297522;Insufficient;Unassigned;#
E287100;Extraordinary;Unassigned;FALSE
E057923;Satisfactory;Unassigned;#
E058030;Satisfactory;Unassigned;#
E296679;Extraordinary;Unassigned;FALSE
E296891;Satisfactory;Unassigned;#
E297819;Insufficient;Unassigned;#
E298402;Insufficient;medium impact;#
E059463;Successful;Unassigned;#
E223494;Progressing;Unassigned;#
E223604;Progressing;Unassigned;TRUE
E223612;Satisfactory;Unassigned;TRUE
E223844;Extraordinary;Unassigned;FALSE
E224244;Insufficient;Unassigned;TRUE
E224289;Progressing;Unassigned;TRUE
E224461;Satisfactory;Unassigned;FALSE
E225055;Satisfactory;Unassigned;TRUE
E225076;Successful;Unassigned;#
E225257;Outstanding;Unassigned;TRUE
E225459;Outstanding;Unassigned;#
E225490;Successful;Unassigned;#
E225540;Extraordinary;medium impact;#
E225557;Insufficient;Unassigned;TRUE
E225588;Progressing;Unassigned;#
E225776;Progressing;Unassigned;#
E225789;Insufficient;Unassigned;FALSE
E225978;Satisfactory;Unassigned;#
E226543;Insufficient;Unassigned;#
E227179;Satisfactory;medium impact;#
E227786;Extraordinary;Unassigned;TRUE
E228064;Satisfactory;Unassigned;TRUE
E228336;Satisfactory;Unassigned;#
E228906;Outstanding;medium impact;#
E228925;Insufficient;Unassigned;TRUE
E229254;Extraordinary;Unassigned;TRUE
E214716;Outstanding;Unassigned;#
E230356;Successful;Unassigned;#
E223491;Successful;Unassigned;TRUE
E230769;Outstanding;medium impact;TRUE
E231772;Extraordinary;Unassigned;#
E232296;Outstanding;Unassigned;#
E232625;Extraordinary;Unassigned;TRUE
E233310;Satisfactory;Unassigned;#
E234104;Successful;Unassigned;TRUE
E234286;Outstanding;Unassigned;#
E234491;Satisfactory;Unassigned;#
E234576;Insufficient;Unassigned;#
E235360;Satisfactory;Unassigned;FALSE
E235701;Progressing;Unassigned;#
E235736;Progressing;Unassigned;FALSE
E235804;Outstanding;Unassigned;TRUE
E235856;Satisfactory;Unassigned;FALSE
E236190;Satisfactory;Unassigned;TRUE
E236816;Insufficient;Unassigned;#
E237201;Outstanding;medium impact;TRUE
E237337;Progressing;Unassigned;FALSE
E237469;Successful;medium impact;#
E237824;Satisfactory;Unassigned;FALSE
E237930;Successful;Unassigned;TRUE
E238253;Satisfactory;Unassigned;#
E019621;Successful;Unassigned;TRUE
E019691;Successful;Unassigned;#
E019974;Successful;Unassigned;#
E020098;Progressing;Unassigned;#
E020895;Successful;Unassigned;#
E020953;Insufficient;Unassigned;FALSE
E021020;Outstanding;Unassigned;#
E021392;Satisfactory;Unassigned;#
E021407;Satisfactory;Unassigned;#
E021799;Satisfactory;Unassigned;FALSE
E021981;Satisfactory;Unassigned;#
E023000;Insufficient;Unassigned;#
E023067;Successful;medium impact;#
E023753;Satisfactory;Unassigned;#
E024367;Satisfactory;Unassigned;#
E024764;Satisfactory;medium impact;TRUE
E024878;Outstanding;Unassigned;FALSE
E024956;Successful;Unassigned;TRUE
E024971;Satisfactory;Unassigned;TRUE
E024981;Insufficient;Unassigned;TRUE
E025357;Satisfactory;Unassigned;#
E025447;Satisfactory;Unassigned;FALSE
E025684;Successful;Unassigned;FALSE
E025802;Satisfactory;Unassigned;#
E025941;Successful;Unassigned;TRUE
E026335;Successful;Unassigned;TRUE
E026664;Successful;Unassigned;FALSE
E026901;Insufficient;Unassigned;#
E028929;Progressing;medium impact;TRUE
E029229;Satisfactory;medium impact;#
E029232;Insufficient;Unassigned;#
E029363;Extraordinary;Unassigned;#
E029434;Extraordinary;Unassigned;FALSE
E030148;Satisfactory;Unassigned;TRUE
E030252;Successful;very high impact;#
E030308;Outstanding;Unassigned;TRUE
E030449;Satisfactory;medium impact;TRUE
E030847;Satisfactory;Unassigned;FALSE
E031336;Satisfactory;Unassigned;#
E031412;Outstanding;medium impact;TRUE
E086988;Progressing;Unassigned;#
E087094;Satisfactory;Unassigned;#
E087196;Satisfactory;Unassigned;#
E087567;Outstanding;Unassigned;TRUE
E087682;Satisfactory;very high impact;#
E088459;Progressing;very high impact;#
E088523;Outstanding;Unassigned;TRUE
E089235;Outstanding;very high impact;#
E089567;Extraordinary;Unassigned;#
E089958;Successful;Unassigned;TRUE
E090279;Extraordinary;Unassigned;TRUE
E090444;Extraordinary;Unassigned;FALSE
E090647;Successful;Unassigned;TRUE
E090926;Outstanding;Unassigned;TRUE
E091364;Satisfactory;Unassigned;FALSE
E091684;Successful;Unassigned;TRUE
E091951;Outstanding;Unassigned;#
E092267;Satisfactory;Unassigned;TRUE
E092410;Satisfactory;Unassigned;#
E092563;Satisfactory;Unassigned;#
E092666;Satisfactory;medium impact;#
E092752;Successful;Unassigned;TRUE
E093962;Satisfactory;Unassigned;#
E094125;Insufficient;Unassigned;#
E094409;Successful;Unassigned;FALSE
E094843;Insufficient;Unassigned;#
E095003;Insufficient;Unassigned;#
E095280;Successful;medium impact;TRUE
E095568;Progressing;Unassigned;TRUE
E096719;Satisfactory;Unassigned;TRUE
E096826;Extraordinary;Unassigned;#
E096889;Successful;medium impact;#
E097066;Successful;Unassigned;TRUE
E097292;Insufficient;Unassigned;TRUE
E097660;Satisfactory;Unassigned;#
E097675;Satisfactory;Unassigned;#
E098415;Extraordinary;Unassigned;TRUE
E098433;Insufficient;medium impact;TRUE
E099384;Satisfactory;Unassigned;#
E100133;Successful;Unassigned;#
E100468;Satisfactory;Unassigned;TRUE
E100693;Extraordinary;Unassigned;#
E101459;Successful;Unassigned;TRUE
E101985;Successful;Unassigned;#
E102443;Successful;Unassigned;#
E102505;Insufficient;Unassigned;#
E102511;Satisfactory;Unassigned;FALSE
E102787;Satisfactory;Unassigned;#
E103157;Successful;Unassigned;FALSE
E103930;Insufficient;Unassigned;TRUE
E104104;Outstanding;Unassigned;FALSE
E104333;Successful;Unassigned;TRUE
E104358;Insufficient;Unassigned;#
E104691;Extraordinary;medium impact;TRUE
E105518;Successful;Unassigned;FALSE
E106119;Progressing;medium impact;#
E106858;Satisfactory;Unassigned;FALSE
E107272;Successful;Unassigned;TRUE
E107440;Successful;Unassigned;#
E107993;Outstanding;Unassigned;TRUE
E108140;Satisfactory;Unassigned;#
E108157;Satisfactory;Unassigned;#
E108402;Successful;Unassigned;#
E108817;Satisfactory;Unassigned;#
E109328;Satisfactory;Unassigned;FALSE
E109436;Satisfactory;Unassigned;#
E109511;Successful;Unassigned;#
E109538;Satisfactory;Unassigned;#
E109656;Extraordinary;Unassigned;FALSE
E109659;Successful;Unassigned;#
E110370;Successful;Unassigned;#
E110484;Satisfactory;medium impact;#
E110507;Extraordinary;Unassigned;#
E111323;Successful;Unassigned;#
E111614;Extraordinary;medium impact;TRUE
E111786;Outstanding;Unassigned;FALSE
E111790;Successful;Unassigned;TRUE
E111852;Successful;Unassigned;TRUE
E111869;Progressing;Unassigned;TRUE
E112728;Satisfactory;Unassigned;#
E113023;Progressing;Unassigned;FALSE
E113470;Extraordinary;Unassigned;FALSE
E113896;Satisfactory;Unassigned;#
E114037;Insufficient;Unassigned;TRUE
E114353;Satisfactory;Unassigned;TRUE
E114771;Progressing;Unassigned;FALSE
E115460;Progressing;Unassigned;#
E115682;Extraordinary;medium impact;TRUE
E115849;Progressing;medium impact;#
E116009;Satisfactory;Unassigned;#
E116630;Outstanding;Unassigned;#
E116633;Outstanding;Unassigned;FALSE
E117943;Successful;Unassigned;TRUE
E118900;Progressing;very high impact;#
E118926;Successful;Unassigned;TRUE
E118944;Successful;medium impact;TRUE
E118987;Successful;Unassigned;FALSE
E119030;Successful;Unassigned;#
E119589;Extraordinary;medium impact;TRUE
E119646;Satisfactory;Unassigned;#
E119697;Progressing;Unassigned;#
E119954;Outstanding;Unassigned;#
E120682;Insufficient;Unassigned;TRUE
E120686;Satisfactory;very high impact;#
E120802;Successful;very high impact;#
E121225;Progressing;Unassigned;TRUE
E121650;Satisfactory;very high impact;#
E121810;Extraordinary;Unassigned;#
E121833;Insufficient;Unassigned;TRUE
E122177;Successful;Unassigned;TRUE
E122701;Progressing;Unassigned;FALSE
E122891;Insufficient;Unassigned;TRUE
E123132;Outstanding;Unassigned;TRUE
E123159;Successful;Unassigned;FALSE
E123361;Outstanding;Unassigned;TRUE
E123596;Satisfactory;Unassigned;#
E123853;Insufficient;Unassigned;TRUE
E124650;Satisfactory;Unassigned;#
E124681;Successful;Unassigned;#
E124730;Progressing;medium impact;#
E124971;Insufficient;Unassigned;TRUE
E125051;Progressing;Unassigned;#
E125270;Outstanding;Unassigned;#
E125526;Satisfactory;Unassigned;FALSE
E125607;Satisfactory;Unassigned;#
E125799;Insufficient;Unassigned;#
E125990;Satisfactory;medium impact;#
E127660;Satisfactory;Unassigned;TRUE
E127746;Outstanding;Unassigned;TRUE
E129386;Insufficient;Unassigned;#
E129474;Successful;medium impact;#
E129568;Progressing;Unassigned;TRUE
E129696;Progressing;Unassigned;TRUE
E129946;Insufficient;Unassigned;#
E130149;Satisfactory;Unassigned;#
E130663;Successful;Unassigned;TRUE
E131047;Satisfactory;medium impact;TRUE
E131813;Insufficient;Unassigned;#
E131916;Insufficient;Unassigned;#
E131960;Satisfactory;Unassigned;TRUE
E132133;Successful;Unassigned;#
E132557;Insufficient;Unassigned;TRUE
E132690;Satisfactory;Unassigned;#
E132807;Satisfactory;Unassigned;#
E132837;Satisfactory;Unassigned;#
E132879;Satisfactory;Unassigned;FALSE
E133067;Insufficient;Unassigned;#
E133851;Satisfactory;Unassigned;FALSE
E134320;Satisfactory;Unassigned;TRUE
E134406;Insufficient;Unassigned;FALSE
E134573;Satisfactory;Unassigned;TRUE
E134994;Insufficient;Unassigned;#
E134996;Extraordinary;medium impact;TRUE
E135028;Successful;Unassigned;FALSE
E136475;Outstanding;medium impact;#
E136978;Insufficient;Unassigned;FALSE
E137071;Successful;Unassigned;TRUE
E137375;Satisfactory;Unassigned;#
E137521;Outstanding;Unassigned;TRUE
E137555;Insufficient;Unassigned;#
E138487;Insufficient;Unassigned;#
E138764;Progressing;Unassigned;#
E138788;Extraordinary;Unassigned;#
E139484;Satisfactory;Unassigned;FALSE
E139590;Successful;Unassigned;#
E139782;Successful;Unassigned;#
E140134;Successful;Unassigned;#
E141033;Successful;Unassigned;FALSE
E141101;Insufficient;Unassigned;#
E141782;Outstanding;Unassigned;#
E141936;Extraordinary;medium impact;#
E141972;Satisfactory;Unassigned;#
E142209;Successful;Unassigned;#
E142212;Outstanding;medium impact;TRUE
E143668;Extraordinary;Unassigned;FALSE
E144316;Satisfactory;Unassigned;TRUE
E144346;Progressing;Unassigned;TRUE
E144716;Successful;Unassigned;TRUE
E144808;Successful;Unassigned;#
E146006;Successful;Unassigned;FALSE
E146054;Satisfactory;Unassigned;FALSE
E146073;Successful;Unassigned;#
E146103;Satisfactory;Unassigned;TRUE
E146647;Extraordinary;Unassigned;TRUE
E146812;Insufficient;Unassigned;FALSE
E147155;Successful;Unassigned;#
E147398;Satisfactory;medium impact;TRUE
E147638;Satisfactory;medium impact;#
E148159;Satisfactory;Unassigned;#
E148728;Progressing;Unassigned;#
E148860;Insufficient;Unassigned;FALSE
E149226;Successful;Unassigned;TRUE
E149251;Successful;very high impact;#
E149594;Insufficient;Unassigned;TRUE
E149825;Successful;medium impact;TRUE
E149903;Successful;Unassigned;FALSE
E150324;Satisfactory;Unassigned;#
E151636;Successful;medium impact;TRUE
E151653;Outstanding;Unassigned;#
E152594;Successful;Unassigned;#
E152783;Satisfactory;Unassigned;#
E153081;Successful;Unassigned;TRUE
E153279;Successful;very high impact;#
E154464;Satisfactory;very high impact;#
E154492;Successful;Unassigned;TRUE
E154779;Insufficient;very high impact;#
E154935;Satisfactory;Unassigned;TRUE
E155267;Insufficient;Unassigned;TRUE
E155387;Outstanding;Unassigned;TRUE
E155559;Progressing;Unassigned;FALSE
E156371;Successful;Unassigned;TRUE
E156614;Satisfactory;Unassigned;TRUE
E156867;Extraordinary;Unassigned;FALSE
E157446;Insufficient;Unassigned;TRUE
E157553;Insufficient;Unassigned;#
E157554;Outstanding;Unassigned;TRUE
E158134;Successful;Unassigned;#
E159119;Satisfactory;Unassigned;#
E159331;Satisfactory;medium impact;#
E159366;Successful;Unassigned;TRUE
E160079;Satisfactory;Unassigned;#
E160181;Outstanding;Unassigned;#
E160214;Insufficient;Unassigned;FALSE
E160354;Satisfactory;Unassigned;#
E161366;Successful;Unassigned;#
E161953;Outstanding;medium impact;#
E162497;Progressing;Unassigned;TRUE
E162643;Successful;Unassigned;TRUE
E164716;Extraordinary;Unassigned;#
E165093;Successful;medium impact;#
E165288;Satisfactory;Unassigned;TRUE
E165372;Insufficient;Unassigned;TRUE
E165394;Insufficient;Unassigned;#
E165577;Successful;Unassigned;#
E166776;Extraordinary;Unassigned;TRUE
E166884;Insufficient;medium impact;TRUE
E167159;Outstanding;Unassigned;#
E167384;Successful;Unassigned;#
E167458;Outstanding;Unassigned;TRUE
E167524;Progressing;Unassigned;#
E168186;Satisfactory;Unassigned;TRUE
E169280;Outstanding;Unassigned;#
E169357;Satisfactory;Unassigned;#
E169982;Insufficient;Unassigned;#
E170411;Progressing;Unassigned;FALSE
E170453;Successful;Unassigned;#
E170582;Insufficient;Unassigned;FALSE
E171174;Progressing;Unassigned;TRUE
E171346;Satisfactory;Unassigned;FALSE
E171484;Satisfactory;Unassigned;TRUE
E171799;Extraordinary;Unassigned;#
E171876;Satisfactory;medium impact;TRUE
E172142;Successful;Unassigned;FALSE
E172264;Outstanding;medium impact;#
E172992;Outstanding;Unassigned;FALSE
E173823;Outstanding;Unassigned;TRUE
E174118;Satisfactory;Unassigned;#
E174234;Satisfactory;Unassigned;TRUE
E174349;Progressing;Unassigned;#
E174738;Satisfactory;Unassigned;#
E175474;Progressing;Unassigned;#
E175727;Progressing;Unassigned;#
E175772;Satisfactory;Unassigned;FALSE
E175844;Satisfactory;Unassigned;#
E176402;Successful;Unassigned;#
E176434;Extraordinary;Unassigned;#
E176595;Insufficient;Unassigned;FALSE
E176656;Satisfactory;Unassigned;#
E176950;Successful;Unassigned;#
E176967;Insufficient;medium impact;#
E177087;Extraordinary;Unassigned;#
E177150;Satisfactory;Unassigned;#
E177407;Progressing;medium impact;TRUE
E177417;Successful;Unassigned;FALSE
E178093;Satisfactory;Unassigned;TRUE
E178419;Insufficient;Unassigned;TRUE
E179068;Insufficient;Unassigned;TRUE
E179247;Satisfactory;Unassigned;#
E179474;Successful;Unassigned;FALSE
E179716;Outstanding;Unassigned;FALSE
E179794;Extraordinary;Unassigned;#
E181089;Outstanding;Unassigned;TRUE
E181587;Outstanding;Unassigned;TRUE
E181730;Insufficient;Unassigned;FALSE
E181750;Successful;Unassigned;#
E181819;Satisfactory;medium impact;TRUE
E182143;Extraordinary;medium impact;#
E154352;Progressing;Unassigned;#
E183409;Satisfactory;Unassigned;#
E183432;Progressing;Unassigned;FALSE
E183578;Outstanding;Unassigned;TRUE
E183769;Satisfactory;very high impact;#
E183834;Satisfactory;Unassigned;TRUE
E184224;Successful;medium impact;TRUE
E184393;Outstanding;Unassigned;FALSE
E185479;Insufficient;Unassigned;#
E185592;Outstanding;medium impact;TRUE
E186062;Insufficient;Unassigned;#
E186328;Outstanding;Unassigned;#
E186723;Successful;Unassigned;#
E176619;Successful;Unassigned;TRUE
E187657;Insufficient;very high impact;#
E187850;Outstanding;very high impact;#
E189392;Successful;Unassigned;TRUE
E182152;Outstanding;very high impact;#
E190397;Insufficient;Unassigned;#
E190859;Insufficient;Unassigned;TRUE
E191451;Insufficient;Unassigned;TRUE
E191550;Satisfactory;Unassigned;FALSE
E192061;Successful;Unassigned;TRUE
E192143;Outstanding;Unassigned;TRUE
E192365;Satisfactory;Unassigned;FALSE
E192810;Outstanding;Unassigned;TRUE
E194393;Outstanding;Unassigned;#
E195425;Insufficient;Unassigned;TRUE
E196145;Extraordinary;Unassigned;#
E196160;Outstanding;Unassigned;#
E197667;Satisfactory;medium impact;#
E198163;Insufficient;Unassigned;TRUE
E199069;Extraordinary;Unassigned;#
E199253;Successful;Unassigned;#
E199278;Satisfactory;Unassigned;FALSE
E199280;Extraordinary;Unassigned;#
E199520;Insufficient;Unassigned;#
E199816;Extraordinary;medium impact;#
E200205;Satisfactory;Unassigned;TRUE
E200979;Satisfactory;Unassigned;TRUE
E201678;Progressing;Unassigned;#
E201894;Satisfactory;medium impact;#
E202614;Progressing;Unassigned;TRUE
E202677;Insufficient;Unassigned;TRUE
E203046;Progressing;Unassigned;#
E203851;Outstanding;Unassigned;#
E203971;Satisfactory;Unassigned;TRUE
E204013;Progressing;medium impact;TRUE
E204075;Successful;Unassigned;#
E205581;Insufficient;Unassigned;#
E206233;Progressing;Unassigned;TRUE
E206397;Progressing;Unassigned;#
E206853;Satisfactory;Unassigned;TRUE
E207258;Outstanding;Unassigned;#
E207417;Progressing;Unassigned;#
E207798;Successful;Unassigned;#
E208048;Satisfactory;Unassigned;FALSE
E208227;Progressing;Unassigned;#
E208256;Satisfactory;Unassigned;FALSE
E208268;Insufficient;Unassigned;TRUE
E208295;Extraordinary;Unassigned;FALSE
E209014;Successful;Unassigned;TRUE
E209616;Satisfactory;Unassigned;#
E210022;Insufficient;medium impact;TRUE
E210103;Satisfactory;Unassigned;FALSE
E210346;Successful;medium impact;#
E210929;Successful;Unassigned;FALSE
E211311;Satisfactory;Unassigned;TRUE
E212097;Successful;Unassigned;#
E212821;Insufficient;Unassigned;TRUE
E212964;Satisfactory;Unassigned;#
E213002;Satisfactory;Unassigned;#
E213244;Satisfactory;Unassigned;#
E213258;Satisfactory;Unassigned;#
E201848;Satisfactory;Unassigned;FALSE
E215007;Satisfactory;Unassigned;#
E215326;Outstanding;Unassigned;#
E215816;Successful;Unassigned;#
E216138;Insufficient;Unassigned;FALSE
E216433;Extraordinary;Unassigned;#
E216531;Progressing;Unassigned;#
E216566;Satisfactory;medium impact;#
E217281;Insufficient;Unassigned;#
E217309;Satisfactory;Unassigned;#
E217314;Satisfactory;medium impact;TRUE
E217424;Extraordinary;Unassigned;FALSE
E218501;Insufficient;Unassigned;TRUE
E219034;Outstanding;Unassigned;TRUE
E219165;Outstanding;Unassigned;TRUE
E219409;Satisfactory;Unassigned;#
E220363;Satisfactory;Unassigned;FALSE
E220387;Satisfactory;Unassigned;FALSE
E220834;Insufficient;Unassigned;#
E221065;Satisfactory;Unassigned;TRUE
E221184;Extraordinary;Unassigned;TRUE
E221389;Outstanding;Unassigned;FALSE
E221596;Insufficient;Unassigned;#
E222257;Satisfactory;medium impact;TRUE
E222333;Satisfactory;medium impact;#
E223157;Satisfactory;Unassigned;#
E223179;Progressing;Unassigned;#
E223326;Insufficient;Unassigned;FALSE
E300101;Satisfactory;Unassigned;TRUE
E300102;Insufficient;medium impact;TRUE
E300103;Successful;Unassigned;FALSE
E300104;Successful;Unassigned;#
E300105;Extraordinary;medium impact;TRUE
E300106;Progressing;Unassigned;#
E300107;Successful;Unassigned;#
E300108;Satisfactory;Unassigned;#
E300109;Satisfactory;Unassigned;TRUE
E300110;Progressing;very high impact;#
E300111;Successful;very high impact;#
E300112;Successful;Unassigned;TRUE
E300113;Successful;very high impact;#
E300114;Successful;Unassigned;#
E300115;Successful;Unassigned;TRUE
E300116;Insufficient;Unassigned;TRUE
E300117;Extraordinary;Unassigned;FALSE
E300118;Successful;Unassigned;TRUE
E300119;Extraordinary;Unassigned;TRUE
E300120;Satisfactory;Unassigned;FALSE
E300121;Insufficient;Unassigned;TRUE
E300122;Successful;Unassigned;#
E300123;Outstanding;Unassigned;TRUE
E300124;Extraordinary;Unassigned;#
E300125;Satisfactory;Unassigned;#
E300126;Successful;medium impact;#
E300127;Successful;Unassigned;TRUE
E300128;Successful;Unassigned;#
E300129;Insufficient;Unassigned;#
E300130;Outstanding;Unassigned;FALSE
E300131;Satisfactory;Unassigned;#
E300132;Outstanding;Unassigned;#
E300133;Extraordinary;medium impact;TRUE
E300134;Progressing;Unassigned;TRUE
E300135;Successful;Unassigned;TRUE
E038906;Insufficient;Unassigned;#
E189955;Outstanding;medium impact;#
E190690;Progressing;Unassigned;TRUE
E200527;Satisfactory;Unassigned;TRUE
E068256;Outstanding;Unassigned;#
E214221;Satisfactory;Unassigned;#
E077964;Successful;Unassigned;TRUE
E059597;Satisfactory;medium impact;TRUE
E059905;Successful;Unassigned;#
E061008;Satisfactory;Unassigned;#
E061514;Extraordinary;Unassigned;TRUE
E061957;Extraordinary;Unassigned;#
E064326;Successful;Unassigned;TRUE
E065319;Insufficient;Unassigned;#
E067667;Insufficient;Unassigned;#
E069231;Insufficient;Unassigned;#
E070933;Successful;Unassigned;FALSE
E071573;Successful;Unassigned;#
E073784;Outstanding;Unassigned;FALSE
E074283;Outstanding;Unassigned;TRUE
E075045;Progressing;Unassigned;FALSE
E075312;Progressing;Unassigned;TRUE
E077642;Insufficient;Unassigned;#
E077693;Successful;medium impact;TRUE
E077971;Successful;Unassigned;FALSE
E079769;Satisfactory;medium impact;#
E080819;Successful;Unassigned;FALSE
E081225;Outstanding;Unassigned;TRUE
E082123;Satisfactory;Unassigned;#
E083484;Satisfactory;Unassigned;TRUE
E086334;Insufficient;Unassigned;#
E090736;Extraordinary;Unassigned;#
E091007;Successful;Unassigned;#
E091644;Progressing;Unassigned;#
E091765;Extraordinary;Unassigned;FALSE
E093889;Successful;Unassigned;#
E094666;Satisfactory;Unassigned;#
E100470;Successful;Unassigned;#
E103209;Successful;Unassigned;FALSE
E103882;Outstanding;Unassigned;#
E104270;Successful;Unassigned;#
E105163;Progressing;medium impact;#
E105464;Insufficient;Unassigned;#
E110822;Outstanding;Unassigned;#
E113245;Satisfactory;medium impact;TRUE
E114033;Insufficient;Unassigned;FALSE
E116958;Satisfactory;Unassigned;TRUE
E117550;Successful;Unassigned;TRUE
E118196;Successful;Unassigned;TRUE
E118393;Satisfactory;Unassigned;#
E119790;Successful;Unassigned;FALSE
E120076;Satisfactory;Unassigned;FALSE
E120625;Insufficient;Unassigned;#
E122828;Extraordinary;Unassigned;TRUE
E122861;Satisfactory;Unassigned;TRUE
E123464;Satisfactory;Unassigned;FALSE
E123614;Extraordinary;Unassigned;#
E123870;Satisfactory;medium impact;TRUE
E123900;Satisfactory;medium impact;#
E124453;Successful;Unassigned;#
E124542;Successful;Unassigned;#
E124585;Satisfactory;Unassigned;FALSE
E124703;Extraordinary;Unassigned;TRUE
E124811;Satisfactory;very high impact;#
E124963;Insufficient;Unassigned;TRUE
E129555;Insufficient;medium impact;TRUE
E129612;Successful;Unassigned;FALSE
E136882;Extraordinary;Unassigned;#
E139314;Successful;medium impact;TRUE
E144990;Insufficient;Unassigned;#
E147379;Outstanding;Unassigned;#
E147645;Satisfactory;Unassigned;#
E148235;Outstanding;Unassigned;TRUE
E150199;Satisfactory;very high impact;#
E154246;Outstanding;very high impact;#
E154573;Extraordinary;Unassigned;TRUE
E154717;Satisfactory;very high impact;#
E156849;Successful;Unassigned;#
E157704;Successful;Unassigned;TRUE
E162381;Satisfactory;Unassigned;TRUE
E163528;Outstanding;Unassigned;FALSE
E163841;Successful;Unassigned;TRUE
E165113;Satisfactory;Unassigned;TRUE
E166370;Satisfactory;Unassigned;FALSE
E166587;Outstanding;Unassigned;TRUE
E167007;Satisfactory;Unassigned;#
E172608;Satisfactory;Unassigned;TRUE
E175859;Progressing;Unassigned;#
E176081;Satisfactory;Unassigned;#
E177531;Insufficient;medium impact;#
E179528;Insufficient;Unassigned;TRUE
E182506;Insufficient;Unassigned;#
E183208;Successful;Unassigned;#
E185850;Outstanding;Unassigned;FALSE
E186735;Successful;Unassigned;#
E189114;Satisfactory;Unassigned;#
E189305;Extraordinary;medium impact;#
E300136;Successful;Unassigned;TRUE
E193598;Satisfactory;Unassigned;TRUE
E194191;Satisfactory;Unassigned;#
E194661;Insufficient;medium impact;#
E196581;Satisfactory;Unassigned;TRUE
E207712;Successful;medium impact;TRUE
E212366;Satisfactory;Unassigned;#
E213367;Extraordinary;Unassigned;#
E215298;Satisfactory;Unassigned;TRUE
E215299;Insufficient;Unassigned;#
E216214;Satisfactory;Unassigned;TRUE
E217543;Successful;Unassigned;#
E218589;Insufficient;Unassigned;#
E218667;Progressing;Unassigned;#
E225144;Satisfactory;Unassigned;FALSE
E225935;Satisfactory;Unassigned;#
E226382;Satisfactory;Unassigned;FALSE
E227427;Insufficient;Unassigned;TRUE
E233287;Progressing;Unassigned;FALSE
E233632;Successful;Unassigned;TRUE
E234438;Successful;Unassigned;#
E234467;Satisfactory;medium impact;TRUE
E236347;Progressing;Unassigned;FALSE
E239448;Insufficient;medium impact;#
E239976;Insufficient;Unassigned;FALSE
E243526;Insufficient;Unassigned;TRUE
E243642;Extraordinary;Unassigned;#
E247549;Extraordinary;Unassigned;TRUE
E247581;Progressing;Unassigned;#
E251031;Satisfactory;Unassigned;#
E257321;Successful;Unassigned;#
E260052;Insufficient;Unassigned;#
E266317;Satisfactory;Unassigned;FALSE
E269226;Outstanding;Unassigned;#
E269472;Satisfactory;Unassigned;#
E270011;Satisfactory;Unassigned;#
E273097;Insufficient;Unassigned;FALSE
E275852;Outstanding;Unassigned;#
E292560;Satisfactory;Unassigned;#
E294149;Progressing;medium impact;#
E294999;Outstanding;Unassigned;#
E295212;Outstanding;Unassigned;#
E298205;Outstanding;medium impact;TRUE
E298613;Successful;Unassigned;FALSE
E298774;Outstanding;Unassigned;TRUE
E299182;Satisfactory;Unassigned;TRUE
E299238;Satisfactory;Unassigned;TRUE
E299276;Insufficient;Unassigned;#
E299305;Extraordinary;Unassigned;FALSE
E299557;Satisfactory;Unassigned;FALSE
E300141;Successful;Unassigned;TRUE
E300142;Satisfactory;Unassigned;TRUE
E300143;Outstanding;Unassigned;FALSE
E300144;Extraordinary;Unassigned;#
E300145;Extraordinary;medium impact;TRUE
E300146;Successful;medium impact;#
E000119;Satisfactory;Unassigned;#
E002659;Progressing;Unassigned;#
E005490;Satisfactory;Unassigned;#
E006078;Successful;Unassigned;#
E006328;Outstanding;medium impact;#
E011537;Extraordinary;medium impact;TRUE
E016011;Satisfactory;very high impact;#
E016751;Successful;very high impact;#
E019024;Satisfactory;Unassigned;#
E019552;Successful;very high impact;FALSE
E023704;Progressing;very high impact;TRUE
E024178;Satisfactory;very high impact;TRUE
E026142;Successful;medium impact;#
E027681;Successful;very high impact;TRUE
E028037;Satisfactory;very high impact;TRUE
E029680;Successful;Unassigned;#
E031705;Successful;medium impact;TRUE
E034330;Progressing;very high impact;FALSE
E034524;Outstanding;Unassigned;TRUE
E035912;Successful;Unassigned;FALSE
E036468;Outstanding;Unassigned;FALSE
E038623;Insufficient;Unassigned;#
E041406;Outstanding;Unassigned;FALSE
E044486;Outstanding;Unassigned;#
E046110;Extraordinary;Unassigned;FALSE
E046332;Successful;very high impact;#
E047034;Satisfactory;medium impact;TRUE
E048778;Successful;Unassigned;TRUE
E050505;Successful;Unassigned;TRUE
E050934;Satisfactory;Unassigned;TRUE
E051819;Satisfactory;medium impact;#
E052950;Satisfactory;very high impact;FALSE
E053122;Progressing;Unassigned;#
E053377;Satisfactory;medium impact;#
E057312;Satisfactory;Unassigned;#
E062815;Insufficient;Unassigned;#
E063341;Progressing;Unassigned;FALSE
E063477;Satisfactory;Unassigned;#
E064093;Satisfactory;Unassigned;#
E065639;Insufficient;Unassigned;#
E066317;Satisfactory;medium impact;TRUE
E067775;Successful;Unassigned;FALSE
E069921;Insufficient;medium impact;#
E078864;Successful;Unassigned;TRUE
E085128;Successful;medium impact;#
E086814;Successful;Unassigned;#
E086842;Outstanding;Unassigned;TRUE
E091401;Insufficient;Unassigned;#
E092199;Insufficient;Unassigned;FALSE
E092761;Successful;Unassigned;#
E093301;Successful;Unassigned;FALSE
E097970;Outstanding;Unassigned;#
E098370;Insufficient;medium impact;TRUE
E109608;Successful;Unassigned;TRUE
E110343;Successful;Unassigned;#
E111519;Outstanding;Unassigned;#
E112411;Satisfactory;Unassigned;#
E113149;Progressing;Unassigned;FALSE
E115051;Satisfactory;Unassigned;FALSE
E116429;Outstanding;Unassigned;#
E116835;Insufficient;Unassigned;#
E117401;Satisfactory;Unassigned;#
E121776;Satisfactory;Unassigned;TRUE
E123101;Insufficient;Unassigned;TRUE
E125656;Successful;Unassigned;TRUE
E127272;Progressing;Unassigned;TRUE
E127525;Extraordinary;Unassigned;FALSE
E127957;Outstanding;Unassigned;#
E128680;Progressing;medium impact;TRUE
E129769;Extraordinary;Unassigned;#
E131164;Outstanding;Unassigned;FALSE
E133961;Successful;very high impact;#
E136107;Satisfactory;Unassigned;TRUE
E136234;Extraordinary;medium impact;TRUE
E136636;Successful;Unassigned;FALSE
E138482;Insufficient;medium impact;TRUE
E139048;Extraordinary;Unassigned;#
E140982;Progressing;Unassigned;#
E141599;Outstanding;Unassigned;TRUE
E142250;Insufficient;very high impact;#
E143815;Satisfactory;very high impact;#
E143510;Satisfactory;Unassigned;TRUE
E144560;Extraordinary;very high impact;#
E144830;Satisfactory;Unassigned;#
E143865;Successful;Unassigned;TRUE
E146346;Extraordinary;Unassigned;TRUE
E147534;Outstanding;Unassigned;FALSE
E149326;Outstanding;Unassigned;TRUE
E150686;Satisfactory;Unassigned;FALSE
E150707;Insufficient;Unassigned;TRUE
E150958;Satisfactory;Unassigned;#
E151154;Extraordinary;Unassigned;TRUE
E153751;Insufficient;Unassigned;#
E154447;Successful;Unassigned;TRUE
E157008;Outstanding;Unassigned;#
E157405;Satisfactory;Unassigned;#
E158174;Successful;Unassigned;#
E159370;Satisfactory;medium impact;TRUE
E159561;Successful;Unassigned;TRUE
E160371;Satisfactory;Unassigned;#
E161406;Satisfactory;medium impact;#
E161478;Progressing;Unassigned;TRUE
E163079;Progressing;Unassigned;TRUE
E164312;Insufficient;Unassigned;TRUE
E167866;Extraordinary;Unassigned;#
E169287;Successful;Unassigned;TRUE
E169911;Insufficient;Unassigned;#
E170772;Outstanding;Unassigned;TRUE
E171741;Outstanding;Unassigned;#
E173409;Satisfactory;very high impact;#
E175290;Insufficient;Unassigned;FALSE
E178925;Extraordinary;Unassigned;TRUE
E180488;Extraordinary;Unassigned;FALSE
E185467;Outstanding;Unassigned;TRUE
E185611;Insufficient;Unassigned;#
E186604;Satisfactory;medium impact;TRUE
E188395;Extraordinary;medium impact;#
E189254;Successful;Unassigned;FALSE
E190611;Extraordinary;very high impact;#
E192520;Successful;Unassigned;TRUE
E192838;Insufficient;Unassigned;#
E193021;Extraordinary;Unassigned;#
E198305;Satisfactory;Unassigned;#
E198532;Satisfactory;Unassigned;#
E198575;Successful;Unassigned;#
E198593;Insufficient;Unassigned;FALSE
E200915;Successful;Unassigned;#
E189864;Satisfactory;medium impact;#
E201940;Insufficient;Unassigned;#
E202693;Successful;very high impact;#
E204708;Satisfactory;medium impact;TRUE
E204939;Satisfactory;Unassigned;FALSE
E205422;Progressing;Unassigned;TRUE
E206993;Successful;Unassigned;TRUE
E211797;Satisfactory;Unassigned;FALSE
E213384;Progressing;Unassigned;TRUE
E214722;Successful;Unassigned;TRUE
E217437;Extraordinary;Unassigned;#
E218031;Satisfactory;Unassigned;TRUE
E219487;Progressing;very high impact;#
E210226;Extraordinary;Unassigned;TRUE
E224149;Outstanding;medium impact;TRUE
E224230;Successful;Unassigned;FALSE
E226568;Satisfactory;medium impact;TRUE
E227230;Successful;Unassigned;#
E227956;Satisfactory;Unassigned;#
E227968;Successful;Unassigned;#
E228380;Extraordinary;Unassigned;TRUE
E228562;Satisfactory;very high impact;#
E229713;Satisfactory;very high impact;#
E230193;Progressing;Unassigned;TRUE
E233470;Satisfactory;Unassigned;#
E233710;Insufficient;Unassigned;TRUE
E234449;Progressing;Unassigned;FALSE
E234524;Insufficient;Unassigned;TRUE
E235176;Progressing;Unassigned;TRUE
E235522;Outstanding;Unassigned;FALSE
E235879;Satisfactory;Unassigned;TRUE
E235940;Insufficient;Unassigned;#
E236035;Extraordinary;Unassigned;TRUE
E237526;Outstanding;Unassigned;#
E237608;Successful;Unassigned;#
E237887;Outstanding;medium impact;#
E239039;Satisfactory;Unassigned;#
E240919;Successful;Unassigned;#
E241171;Extraordinary;medium impact;#
E242320;Outstanding;Unassigned;TRUE
E245107;Insufficient;Unassigned;#
E245676;Successful;Unassigned;FALSE
E246514;Extraordinary;Unassigned;FALSE
E246906;Satisfactory;Unassigned;#
E247955;Successful;medium impact;#
E248562;Satisfactory;Unassigned;#
E249035;Successful;Unassigned;#
E250629;Satisfactory;Unassigned;#
E251594;Outstanding;Unassigned;TRUE
E252779;Satisfactory;Unassigned;#
E253462;Outstanding;Unassigned;FALSE
E254276;Satisfactory;Unassigned;TRUE
E255514;Successful;medium impact;TRUE
E256790;Successful;very high impact;#
E257278;Satisfactory;Unassigned;FALSE
E259242;Outstanding;very high impact;#
E260827;Extraordinary;Unassigned;TRUE
E263214;Satisfactory;Unassigned;TRUE
E263309;Successful;Unassigned;#
E263786;Satisfactory;Unassigned;#
E264861;Progressing;Unassigned;#
E263060;Insufficient;Unassigned;#
E266863;Successful;Unassigned;TRUE
E267173;Outstanding;Unassigned;#
E268289;Insufficient;Unassigned;#
E269256;Progressing;Unassigned;#
E269680;Extraordinary;Unassigned;#
E269686;Satisfactory;Unassigned;FALSE
E270365;Outstanding;Unassigned;TRUE
E274735;Successful;Unassigned;#
E267994;Satisfactory;Unassigned;FALSE
E275953;Satisfactory;Unassigned;#
E276110;Progressing;Unassigned;#
E277055;Insufficient;Unassigned;FALSE
E278377;Satisfactory;Unassigned;FALSE
E280626;Progressing;medium impact;#
E281773;Satisfactory;Unassigned;#
E282394;Progressing;Unassigned;TRUE
E283347;Insufficient;Unassigned;#
E285010;Insufficient;very high impact;#
E285019;Outstanding;Unassigned;#
E286052;Successful;Unassigned;TRUE
E288088;Successful;Unassigned;TRUE
E289080;Successful;Unassigned;#
E289304;Outstanding;Unassigned;TRUE
E274956;Outstanding;Unassigned;#
E291730;Satisfactory;Unassigned;TRUE
E292366;Satisfactory;Unassigned;#
E292860;Outstanding;Unassigned;#
E293489;Successful;very high impact;#
E293618;Satisfactory;Unassigned;FALSE
E295915;Satisfactory;Unassigned;TRUE
E296088;Extraordinary;medium impact;TRUE
E289513;Insufficient;Unassigned;#
E299670;Insufficient;very high impact;#
E299671;Extraordinary;medium impact;TRUE
E299672;Outstanding;Unassigned;FALSE
E299673;Satisfactory;Unassigned;TRUE
E299674;Outstanding;Unassigned;TRUE
E299675;Successful;Unassigned;TRUE
E299676;Outstanding;Unassigned;#
E299677;Satisfactory;Unassigned;FALSE
E299678;Insufficient;Unassigned;FALSE
E299679;Successful;Unassigned;#
E299680;Insufficient;Unassigned;TRUE
E299681;Satisfactory;Unassigned;TRUE
E299682;Progressing;Unassigned;FALSE
E299683;Successful;Unassigned;#
E299684;Satisfactory;medium impact;TRUE
E299685;Satisfactory;medium impact;#
E299686;Satisfactory;Unassigned;#
E299687;Insufficient;Unassigned;#
E299688;Successful;Unassigned;FALSE
E299689;Satisfactory;Unassigned;TRUE
E299690;Outstanding;very high impact;#
E299691;Successful;Unassigned;TRUE
E299692;Insufficient;medium impact;TRUE
E299693;Successful;Unassigned;FALSE
E299694;Satisfactory;very high impact;#
E299695;Outstanding;medium impact;TRUE
E299696;Satisfactory;Unassigned;#
E299697;Satisfactory;Unassigned;#
E299698;Satisfactory;Unassigned;#
E299699;Insufficient;Unassigned;TRUE
E299700;Satisfactory;very high impact;#
E299701;Satisfactory;very high impact;#
E299702;Insufficient;Unassigned;TRUE
E299703;Extraordinary;very high impact;#
E299704;Successful;Unassigned;#
E299705;Satisfactory;Unassigned;TRUE
E299706;Outstanding;Unassigned;TRUE
E299707;Extraordinary;Unassigned;FALSE
E299708;Insufficient;Unassigned;TRUE
E299709;Insufficient;Unassigned;TRUE
E299710;Successful;Unassigned;FALSE
E299711;Successful;Unassigned;TRUE
E299712;Successful;Unassigned;#
E299713;Satisfactory;Unassigned;TRUE
E299714;Insufficient;Unassigned;#
E299715;Insufficient;Unassigned;#
E299716;Satisfactory;medium impact;#
E299717;Extraordinary;Unassigned;TRUE
E299718;Successful;Unassigned;#
E299719;Progressing;Unassigned;#
E299720;Successful;very high impact;FALSE
E299721;Insufficient;Unassigned;#
E299722;Outstanding;Unassigned;#
E299723;Successful;medium impact;TRUE
E299724;Outstanding;Unassigned;TRUE
E299725;Successful;Unassigned;TRUE
E299726;Satisfactory;Unassigned;#
E299727;Satisfactory;medium impact;#
E299728;Outstanding;Unassigned;TRUE
E299729;Insufficient;Unassigned;TRUE
E299730;Satisfactory;Unassigned;#
E299731;Insufficient;Unassigned;#
E299732;Extraordinary;Unassigned;TRUE
E299733;Outstanding;medium impact;TRUE
E299734;Satisfactory;Unassigned;#
E299735;Outstanding;Unassigned;#
E299736;Satisfactory;Unassigned;TRUE
E299737;Progressing;Unassigned;#
E299738;Satisfactory;Unassigned;TRUE
E299739;Satisfactory;Unassigned;#
E299740;Successful;Unassigned;#
E299741;Extraordinary;very high impact;#
E299742;Successful;Unassigned;FALSE
E299743;Successful;Unassigned;#
E299744;Outstanding;Unassigned;FALSE
E299745;Satisfactory;Unassigned;TRUE
E299746;Successful;Unassigned;FALSE
E299747;Insufficient;Unassigned;TRUE
E299748;Extraordinary;Unassigned;#
E299749;Successful;medium impact;TRUE
E299750;Extraordinary;Unassigned;FALSE
E299751;Insufficient;medium impact;#
E299752;Successful;Unassigned;FALSE
E299753;Successful;Unassigned;TRUE
E299754;Insufficient;very high impact;#
E299755;Successful;Unassigned;TRUE
E299756;Insufficient;Unassigned;#
E299757;Satisfactory;Unassigned;#
E299758;Insufficient;Unassigned;#
E299759;Insufficient;Unassigned;#
E299760;Satisfactory;Unassigned;FALSE
E299761;Satisfactory;Unassigned;#
E299762;Satisfactory;Unassigned;#
E299763;Successful;Unassigned;#
E299764;Satisfactory;Unassigned;FALSE
E299765;Insufficient;Unassigned;#
E299766;Satisfactory;Unassigned;#
E299767;Successful;medium impact;#
E299768;Progressing;Unassigned;#
E299769;Successful;very high impact;#
E299770;Successful;medium impact;TRUE
E299771;Extraordinary;Unassigned;FALSE
E299772;Successful;Unassigned;TRUE
E299773;Successful;Unassigned;TRUE
E299774;Successful;Unassigned;TRUE
E299775;Successful;Unassigned;#
E299776;Satisfactory;Unassigned;FALSE
E299777;Successful;Unassigned;FALSE
E299778;Extraordinary;Unassigned;#
E299779;Outstanding;Unassigned;TRUE
E299780;Outstanding;Unassigned;TRUE
E299781;Extraordinary;Unassigned;FALSE
E299782;Successful;Unassigned;#
E299783;Satisfactory;medium impact;TRUE
E299784;Outstanding;medium impact;#
E299785;Extraordinary;Unassigned;#
E299786;Successful;Unassigned;#
E299787;Satisfactory;Unassigned;FALSE
E299788;Successful;Unassigned;TRUE
E299789;Successful;very high impact;#
E299790;Successful;Unassigned;TRUE
E299791;Extraordinary;medium impact;TRUE
E299792;Satisfactory;Unassigned;FALSE
E299793;Insufficient;very high impact;#
E299794;Outstanding;medium impact;TRUE
E299795;Satisfactory;Unassigned;#
E299796;Outstanding;Unassigned;#
E299797;Successful;Unassigned;#
E299798;Successful;Unassigned;TRUE
E299799;Progressing;very high impact;#
E299800;Outstanding;very high impact;#
E299801;Progressing;Unassigned;TRUE
E299802;Extraordinary;very high impact;#
E299803;Satisfactory;Unassigned;#
E299804;Progressing;Unassigned;TRUE
E299805;Extraordinary;Unassigned;TRUE
E299806;Insufficient;Unassigned;FALSE
E299807;Outstanding;Unassigned;TRUE
E299808;Extraordinary;Unassigned;TRUE
E299809;Insufficient;Unassigned;FALSE
E299810;Progressing;Unassigned;TRUE
E299811;Successful;Unassigned;#
E299812;Successful;Unassigned;TRUE
E299813;Satisfactory;Unassigned;#
E299814;Successful;Unassigned;#
E299815;Insufficient;medium impact;#
E299816;Successful;Unassigned;TRUE
E299817;Satisfactory;Unassigned;#
E299818;Successful;Unassigned;#
E299819;Outstanding;very high impact;FALSE
E299820;Successful;Unassigned;#
E299821;Insufficient;Unassigned;#
E299822;Insufficient;medium impact;#
E299823;Satisfactory;Unassigned;TRUE
E299824;Outstanding;Unassigned;TRUE
E299825;Satisfactory;Unassigned;#
E299826;Satisfactory;medium impact;#
E299827;Satisfactory;Unassigned;TRUE
E299828;Outstanding;Unassigned;TRUE
E299829;Outstanding;Unassigned;#
E299830;Satisfactory;Unassigned;#
E299831;Successful;Unassigned;TRUE
E299832;Successful;medium impact;TRUE
E299833;Successful;Unassigned;#
E299834;Satisfactory;Unassigned;#
E299835;Satisfactory;Unassigned;TRUE
E299836;Extraordinary;Unassigned;#
E299837;Successful;Unassigned;TRUE
E299838;Satisfactory;Unassigned;#
E299839;Outstanding;Unassigned;#
E299840;Insufficient;very high impact;#
E299841;Successful;Unassigned;FALSE
E299842;Successful;Unassigned;#
E299843;Insufficient;Unassigned;FALSE
E299844;Successful;Unassigned;TRUE
E299845;Extraordinary;Unassigned;FALSE
E299846;Satisfactory;Unassigned;TRUE
E299847;Satisfactory;Unassigned;#
E299848;Progressing;medium impact;TRUE
E299849;Outstanding;Unassigned;FALSE
E299850;Successful;medium impact;#
E299851;Successful;Unassigned;FALSE
E300147;Insufficient;Unassigned;TRUE
E299852;Successful;very high impact;#
E299853;Satisfactory;Unassigned;TRUE
E299854;Extraordinary;Unassigned;#
E299855;Extraordinary;Unassigned;#
E299856;Successful;Unassigned;#
E299857;Satisfactory;Unassigned;#
E299858;Satisfactory;Unassigned;FALSE
E299859;Satisfactory;Unassigned;#
E299860;Insufficient;Unassigned;#
E299861;Successful;Unassigned;#
E299862;Successful;Unassigned;FALSE
E299863;Satisfactory;Unassigned;#
E299864;Satisfactory;Unassigned;#
E299865;Satisfactory;medium impact;#
E299866;Satisfactory;Unassigned;#
E299867;Extraordinary;very high impact;#
E299868;Progressing;medium impact;TRUE
E299869;Outstanding;Unassigned;FALSE
E299870;Outstanding;Unassigned;TRUE
E299871;Satisfactory;Unassigned;TRUE
E299872;Successful;Unassigned;TRUE
E299873;Successful;Unassigned;#
E299874;Progressing;Unassigned;FALSE
E299875;Outstanding;Unassigned;FALSE
E299876;Insufficient;Unassigned;#
E299877;Successful;Unassigned;TRUE
E299878;Successful;Unassigned;TRUE
E299879;Successful;Unassigned;FALSE
E299880;Successful;Unassigned;#
E299881;Successful;medium impact;TRUE
E299882;Successful;medium impact;#
E299883;Successful;Unassigned;#
E299884;Successful;Unassigned;#
E299885;Successful;Unassigned;FALSE
E299886;Successful;Unassigned;TRUE
E299887;Insufficient;very high impact;#
E299888;Successful;Unassigned;TRUE
E299889;Progressing;medium impact;TRUE
E299890;Successful;Unassigned;FALSE
E299891;Extraordinary;very high impact;#
E299892;Progressing;medium impact;TRUE
E299893;Successful;Unassigned;#
E299894;Satisfactory;Unassigned;#
E299895;Progressing;Unassigned;#
E299896;Extraordinary;Unassigned;TRUE
E299897;Progressing;very high impact;#
E299898;Successful;very high impact;#
E299899;Insufficient;Unassigned;TRUE
E299900;Outstanding;very high impact;#
E299901;Satisfactory;Unassigned;#
E299902;Progressing;Unassigned;TRUE
E299903;Successful;Unassigned;TRUE
E299904;Satisfactory;Unassigned;FALSE
E299905;Satisfactory;Unassigned;TRUE
E299906;Satisfactory;Unassigned;TRUE
E299907;Satisfactory;Unassigned;FALSE
E299908;Satisfactory;Unassigned;TRUE
E299909;Outstanding;Unassigned;#
E299910;Satisfactory;Unassigned;TRUE
E299911;Extraordinary;Unassigned;#
E299912;Successful;Unassigned;#
E299913;Progressing;medium impact;#
E299914;Satisfactory;Unassigned;TRUE
E299915;Insufficient;Unassigned;#
E299916;Progressing;Unassigned;#
E299917;Satisfactory;very high impact;FALSE
E299918;Extraordinary;Unassigned;#
E299919;Outstanding;Unassigned;#
E299920;Insufficient;medium impact;#
E299921;Outstanding;Unassigned;TRUE
E299922;Satisfactory;Unassigned;TRUE
E299923;Successful;Unassigned;#
E299924;Insufficient;medium impact;#
E299925;Progressing;Unassigned;TRUE
E299926;Progressing;Unassigned;TRUE
E299927;Satisfactory;Unassigned;#
E299928;Outstanding;Unassigned;#
E299929;Extraordinary;Unassigned;TRUE
E299930;Successful;medium impact;TRUE
E299931;Satisfactory;Unassigned;#
E299932;Insufficient;Unassigned;#
E299933;Insufficient;Unassigned;TRUE
E299934;Successful;Unassigned;#
E299935;Satisfactory;Unassigned;TRUE
E299936;Insufficient;Unassigned;#
E299937;Outstanding;Unassigned;#
E299938;Insufficient;very high impact;#
E299939;Insufficient;Unassigned;FALSE
E299940;Successful;Unassigned;#
E299941;Satisfactory;Unassigned;FALSE
E299942;Outstanding;Unassigned;TRUE
E299943;Progressing;Unassigned;FALSE
E299944;Insufficient;Unassigned;TRUE
E299945;Insufficient;Unassigned;#
E299946;Extraordinary;medium impact;TRUE
E299947;Satisfactory;Unassigned;FALSE
E299948;Satisfactory;medium impact;#
E299949;Successful;Unassigned;FALSE
E299950;Progressing;Unassigned;TRUE
E299951;Outstanding;very high impact;#
E299952;Successful;Unassigned;TRUE
E299953;Successful;Unassigned;#
E299954;Successful;Unassigned;#
E299955;Extraordinary;Unassigned;#
E299956;Insufficient;Unassigned;#
E299957;Successful;Unassigned;FALSE
E299958;Insufficient;Unassigned;#
E299959;Insufficient;Unassigned;#
E299960;Successful;Unassigned;#
E299961;Satisfactory;Unassigned;FALSE
E299962;Satisfactory;Unassigned;#
E299963;Satisfactory;Unassigned;#
E299964;Satisfactory;medium impact;#
E299965;Insufficient;Unassigned;#
E299966;Extraordinary;very high impact;#
E299967;Extraordinary;medium impact;TRUE
E299968;Outstanding;Unassigned;FALSE
E299969;Successful;Unassigned;TRUE
E299970;Extraordinary;Unassigned;TRUE
E299971;Satisfactory;Unassigned;TRUE
E299972;Successful;Unassigned;#
E299973;Successful;Unassigned;FALSE
E299974;Extraordinary;Unassigned;FALSE
E299975;Successful;Unassigned;#
E299976;Progressing;Unassigned;TRUE
E299977;Progressing;Unassigned;TRUE
E299978;Satisfactory;Unassigned;FALSE
E299979;Successful;Unassigned;#
E299980;Successful;medium impact;TRUE
E299981;Outstanding;medium impact;#
E299982;Insufficient;Unassigned;#
E299983;Outstanding;Unassigned;#
E299984;Outstanding;Unassigned;FALSE
E299985;Satisfactory;Unassigned;TRUE
E299986;Insufficient;very high impact;#
E299987;Successful;Unassigned;TRUE
E299988;Progressing;medium impact;TRUE
E299989;Successful;Unassigned;FALSE
E299990;Outstanding;very high impact;#
E299991;Satisfactory;medium impact;TRUE
E299992;Successful;Unassigned;#
E299993;Successful;Unassigned;#
E299994;Satisfactory;Unassigned;#
E299995;Satisfactory;Unassigned;TRUE
E299996;Satisfactory;very high impact;#
E299997;Outstanding;very high impact;#
E299998;Satisfactory;Unassigned;TRUE
E299999;Outstanding;very high impact;#
E300000;Successful;Unassigned;#
E300001;Insufficient;Unassigned;TRUE
E300002;Insufficient;Unassigned;TRUE
E300003;Satisfactory;Unassigned;FALSE
E300004;Satisfactory;Unassigned;TRUE
E300005;Successful;Unassigned;TRUE
E300006;Satisfactory;Unassigned;FALSE
E300007;Successful;Unassigned;TRUE
E300008;Satisfactory;Unassigned;#
E300009;Insufficient;Unassigned;TRUE
E300010;Satisfactory;Unassigned;#
E300011;Successful;Unassigned;#
E300012;Satisfactory;medium impact;#
E300013;Successful;Unassigned;TRUE
E300014;Successful;Unassigned;#
E300015;Satisfactory;Unassigned;#
E300016;Successful;very high impact;FALSE
E300017;Outstanding;Unassigned;#
E300018;Insufficient;Unassigned;#
E300019;Successful;medium impact;TRUE
E300020;Satisfactory;Unassigned;TRUE
E300021;Extraordinary;Unassigned;TRUE
E300022;Insufficient;Unassigned;#
E300023;Progressing;medium impact;#
E300024;Successful;Unassigned;TRUE
E300025;Satisfactory;Unassigned;TRUE
E300026;Satisfactory;Unassigned;#
E300027;Satisfactory;Unassigned;#
E300028;Insufficient;Unassigned;TRUE
E300029;Satisfactory;medium impact;TRUE
E300030;Satisfactory;Unassigned;#
E300031;Satisfactory;Unassigned;#
E300032;Extraordinary;Unassigned;TRUE
E300033;Extraordinary;Unassigned;#
E300034;Successful;Unassigned;TRUE
E300035;Successful;Unassigned;#
E300036;Successful;Unassigned;#
E300037;Satisfactory;very high impact;#
E300038;Satisfactory;Unassigned;FALSE
E300039;Satisfactory;Unassigned;#
E300040;Insufficient;Unassigned;FALSE
E300041;Satisfactory;Unassigned;TRUE
E300042;Successful;Unassigned;FALSE
E300043;Outstanding;Unassigned;TRUE
E300044;Satisfactory;Unassigned;#
E300045;Satisfactory;medium impact;TRUE
E300046;Satisfactory;Unassigned;FALSE
E300047;Successful;medium impact;#
E300048;Successful;Unassigned;FALSE
E300049;Satisfactory;Unassigned;TRUE
E300050;Extraordinary;Unassigned;#
E300051;Successful;Unassigned;TRUE
E300052;Satisfactory;Unassigned;#
E300053;Satisfactory;Unassigned;#
E300054;Successful;Unassigned;#
E300055;Satisfactory;Unassigned;#
E300056;Extraordinary;Unassigned;FALSE
E300057;Progressing;Unassigned;#
E300058;Satisfactory;Unassigned;#
E300059;Insufficient;Unassigned;#
E300060;Successful;Unassigned;FALSE
E300061;Successful;Unassigned;#
E300062;Satisfactory;Unassigned;#
E300063;Successful;medium impact;#
E300064;Successful;Unassigned;#
E300065;Satisfactory;Unassigned;#
E300066;Satisfactory;medium impact;TRUE
E300067;Successful;Unassigned;FALSE
E300068;Insufficient;Unassigned;TRUE
E300069;Successful;Unassigned;TRUE
E300070;Insufficient;Unassigned;TRUE
E300071;Successful;Unassigned;#
E300072;Satisfactory;Unassigned;FALSE
E300073;Outstanding;Unassigned;FALSE
E300074;Insufficient;Unassigned;#
E300075;Outstanding;Unassigned;TRUE
E300076;Successful;Unassigned;TRUE
E300077;Progressing;Unassigned;FALSE
E300078;Successful;Unassigned;#
E300079;Extraordinary;medium impact;TRUE
E300080;Satisfactory;medium impact;#
E300081;Satisfactory;Unassigned;#
E300082;Insufficient;Unassigned;#
E300083;Insufficient;Unassigned;FALSE
E300084;Progressing;Unassigned;TRUE
E300085;Satisfactory;very high impact;#
E300086;Successful;Unassigned;TRUE
E300087;Satisfactory;medium impact;TRUE
E300088;Satisfactory;Unassigned;FALSE
E300089;Successful;Unassigned;#
E300090;Satisfactory;medium impact;TRUE
E300091;Outstanding;Unassigned;#
E300092;Satisfactory;Unassigned;#
E300093;Successful;Unassigned;#
E300094;Satisfactory;Unassigned;TRUE
E300095;Successful;very high impact;#
E300096;Successful;very high impact;#
E300097;Progressing;Unassigned;TRUE
E300098;Insufficient;very high impact;#
E300099;Successful;Unassigned;TRUE
E300100;Extraordinary;very high impact;#
E300137;Progressing;Unassigned;TRUE
E300138;Successful;Unassigned;#
E300139;Progressing;Unassigned;#
E300140;Outstanding;Unassigned;TRUE
E299667;Successful;Unassigned;#
